engine,concurrency,avg_ttft_s,p50_ttft_s,p95_ttft_s,p99_ttft_s,avg_tps,p50_tps,p95_tps,p99_tps,total_requests,success_rate
LlamaCpp,1,0.7203098909999426,0.7203098909999426,0.7203098909999426,0.7203098909999426,16.889956075929994,16.889956075929994,16.889956075929994,16.889956075929994,1,1.0
LlamaCpp,5,0.5584045894001065,0.6216638729997612,0.6661978020001698,0.6661978020001698,11.132015431294882,10.624511311732931,13.141816697440843,13.141816697440843,5,1.0
LlamaCpp,10,27.014794699199957,26.75741012100002,55.49990611500016,55.49990611500016,12.147774764522113,12.10648205870142,12.381073900952225,12.381073900952225,10,1.0
LlamaCpp,20,25.95833904559995,25.67130767699973,53.71605563700086,53.71605563700086,12.306698275525248,12.2166126374506,12.53494913567302,12.53494913567302,20,0.5
